timestamp,amcl_x,amcl_y,amcl_yaw,mocap_x,mocap_y,mocap_yaw,error_x,error_y,error_yaw,error_distance
1751931852.244335,3.458013925593882e-12,-7.607227171383064e-13,0.0,-0.000246584415435791,0.0004550665616989136,-0.001522150531504174,0.00024658441889380495,-0.0004550665624596363,0.0015221505315041741,0.0005175803820760844
1751931852.750043,8.203364432529377e-12,-1.8029944309120322e-12,0.0,3.820657730102539e-05,-6.139278411865234e-06,-0.0003055034547609914,-3.820656909766096e-05,6.139276608870804e-06,0.00030550345476099133,3.869667478601449e-05
1751931853.252924,5.6475306886102414e-12,-1.2401488420404607e-12,0.0,-1.704692840576172e-05,4.673004150390625e-05,-0.00022844483905526403,1.7046934053292407e-05,-4.673004274405509e-05,0.00022844483905526403,4.974228438138437e-05
1751931853.747465,6.8484078671564605e-12,-1.5054652434279793e-12,0.0,-6.9141387939453125e-06,-2.0138919353485107e-05,-0.00024114612342751585,6.9141456423531795e-06,2.0138917848019864e-05,0.00024114612342751585,2.129275515411203e-05
1751931854.225738,8.163274634259028e-12,-1.7949202006879595e-12,0.0,-9.97781753540039e-05,1.259148120880127e-06,-0.0004692382327116107,9.977818351727854e-05,-1.2591499158003276e-06,0.00046923823271161075,9.97861281166785e-05
1751931854.758892,1.6462941476754447e-11,-3.6201831777109215e-12,0.0,2.0503997802734375e-05,-8.195638656616211e-07,-0.00019708283345387656,-2.0503981339792898e-05,8.195602454784433e-07,0.00019708283345387653,2.052035403638407e-05
1751931855.237422,2.2816728181583066e-11,-5.017647381703391e-12,0.0,-0.000982820987701416,0.0016892477869987488,-0.006898461099304143,0.0009828210105181441,-0.001689247792016396,0.006898461099304144,0.0019543528958579043
1751931855.72755,2.2173567323500622e-11,-4.8765028257943794e-12,0.0,-2.2530555725097656e-05,-1.1175870895385742e-06,-8.413345624846968e-05,2.253057789866498e-05,1.1175822130357485e-06,8.413345624846968e-05,2.255827853473542e-05
1751931856.277349,2.51874423921959e-11,-5.539824723865627e-12,0.0,-0.00014448165893554688,0.0004864111542701721,-0.0016515302163186973,0.00014448168412298926,-0.00048641115980999685,0.0016515302163186973,0.0005074157796469494
1751931856.746018,2.0329254536877836e-11,-4.471796848857174e-12,0.0,-7.62939453125e-06,3.866851329803467e-06,-0.00022752556506278054,7.629414860504537e-06,-3.866855801600315e-06,0.00022752556506278052,8.553393765287406e-06
1751931857.263732,2.2321229529075562e-11,-4.90950896727082e-12,0.0,-1.6629695892333984e-05,2.316385507583618e-05,1.7975106212819725e-05,1.6629718213563515e-05,-2.316385998534515e-05,-1.7975106212819725e-05,2.8515117697165487e-05
1751931857.797681,1.4434111897010903e-11,-3.1767013094207664e-12,0.0,-3.653764724731445e-05,-6.77257776260376e-06,-0.00024747871386709974,3.653766168142635e-05,6.772574585902451e-06,0.00024747871386709974,3.716003885450045e-05
1751931858.239227,1.667369884046532e-11,-3.669360125230359e-12,0.0,-0.00022709369659423828,0.0006452277302742004,-0.0020151045660137257,0.00022709371326793713,-0.0006452277339435606,0.0020151045660137257,0.0006840251334971269
1751931858.724268,1.5894008399149426e-11,-3.498750283166009e-12,0.0,-0.00022536516189575195,0.0006117895245552063,-0.0018403863117439911,0.00022536517778976034,-0.0006117895280539566,0.0018403863117439911,0.0006519784428926261
1751931859.286985,1.501450558714884e-11,-3.3053223950024894e-12,0.0,-2.676248550415039e-05,1.6085803508758545e-05,-0.0002230024106073536,2.6762500518655977e-05,-1.608580681408094e-05,0.0002230024106073536,3.122474363178974e-05
1751931859.762905,1.3410784830345448e-11,-2.9544641154847543e-12,0.0,-0.0002684593200683594,0.0006222352385520935,-0.001888706222792802,0.00026845933347914423,-0.0006222352415065577,0.0018887062227928018,0.0006776777327792249
1751931860.348108,8.273670127296971e-12,-1.8247890628268787e-12,0.0,-0.00021505355834960938,0.0005988180637359619,-0.0018226414656230538,0.0002150535666232795,-0.0005988180655607509,0.0018226414656230538,0.0006362633984124131
1751931860.768162,9.977203254785053e-12,-2.1984653884437826e-12,0.0,-1.996755599975586e-05,2.9511749744415283e-05,-0.00019475141733504842,1.9967565976959113e-05,-2.951175194288067e-05,0.00019475141733504842,3.563210902798677e-05
1751931861.311153,5.856120946970611e-12,-1.2916835101047667e-12,0.0,0.00042515993118286133,3.943592309951782e-05,-0.0008822317044039352,-0.0004251599253267404,-3.943592439120133e-05,0.0008822317044039352,0.0004269849578573325
1751931861.807691,-0.0022408659041720145,0.0004925501353979127,-7.733669464826676e-05,-0.011667609214782715,0.003774397075176239,-0.006616399315881427,0.0094267433106107,-0.003281846939778326,0.00653906262123316,0.009981683664606684
1751931862.282274,-0.05382374824057838,0.011959908840929396,-0.005458086178816268,-0.06064075231552124,0.016372419893741608,-0.005476650906456992,0.006817004074942859,-0.004412511052812212,1.8564727640724143e-05,0.008120455550581968
1751931862.723608,-0.22239939259897173,0.044800986194720956,0.043667142119443,-0.22015541791915894,0.055664751678705215,0.03691630181835093,-0.002243974679812799,-0.01086376548398426,0.006750840301092076,0.011093097982739029
1751931863.239381,-0.3975396344408374,0.06961574708402059,0.04768180585060655,-0.40135055780410767,0.09438114240765572,0.04122285182993979,0.003810923363270269,-0.024765395323635128,0.006458954020666763,0.025056894109538954
1751931863.755272,-0.452850821894256,0.07764920428370448,0.04416303408221589,-0.443195641040802,0.10197843052446842,0.040876512067175685,-0.009655180853454015,-0.024329226240763946,0.0032865220150402052,0.026175060014968103
1751931864.257154,-0.4927664059262561,0.08420165018455923,0.044014001030783456,-0.4911145567893982,0.1125060822814703,0.03532882947925353,-0.001651849136857897,-0.028304432096911067,0.008685171551529924,0.028352592154855746
1751931864.790329,-0.4949511687846138,0.08458355280825892,0.03914449848896506,-0.48757845163345337,0.11132538877427578,0.03512180108646579,-0.007372717151160446,-0.026741835966016855,0.004022697402499276,0.02773955206964179
1751931865.262854,-0.4949511687931199,0.08458355280978208,0.03950572109724826,-0.4861460328102112,0.11076974123716354,0.03593321539185368,-0.008805135982908718,-0.026186188427381463,0.0035725057053945797,0.027626923173452392
1751931865.788662,-0.494868946363603,0.08456879205584208,0.03870742394598503,-0.4851610064506531,0.10917033441364765,0.03980930626986323,-0.009707939912949937,-0.024601542357805567,-0.0011018823238782005,0.026447683901172667
1751931866.345235,-0.4948689463692875,0.08456879205686328,0.03884051086716922,-0.4839462637901306,0.10886432975530624,0.04185106286639151,-0.010922682579156906,-0.024295537698442962,-0.003010551999222289,0.02663790807817838
1751931866.798762,-0.49486894637022544,0.0845687920570335,0.039511861325795206,-0.48347073793411255,0.10879359394311905,0.04234377768199504,-0.011398208436112889,-0.024224801886085542,-0.0028319163561998373,0.02677237721931261
1751931867.272541,-0.4948689463651952,0.0845687920561345,0.039511861325795206,-0.48320573568344116,0.11023100651800632,0.03715643224238496,-0.011663210681754022,-0.02566221446187182,0.002355429083410243,0.028188290733815066
1751931867.811572,-0.49486894636304574,0.08456879205574945,0.039511861325795206,-0.48270124197006226,0.11017335392534733,0.03773525187183102,-0.01216770439298348,-0.025604561869597878,0.0017766094539641841,0.028348661674391176
1751931868.319238,-0.49480499651993476,0.08455735697995982,0.039513241920153375,-0.4822610020637512,0.11020110547542572,0.03831614618149137,-0.012543994456183538,-0.0256437484954659,0.0011970957386620018,0.028547392767387235
1751931868.794741,-0.4948049965265916,0.0845573569811503,0.039513241920153375,-0.4819045662879944,0.11040067858994007,0.03703550818447443,-0.012900430238597216,-0.02584332160878977,0.002477733735678944,0.028884223585138195
1751931869.285628,-0.49473359895671587,0.08454459026113438,0.03951478191129243,-0.4815487265586853,0.11023600585758686,0.03762521842085276,-0.013184872398030567,-0.02569141559645248,0.0018895634904396719,0.028877148327042097
1751931869.791309,-0.4947335989564536,0.08454459026108703,0.03951478191129243,-0.48113924264907837,0.11016353219747543,0.03792563296483964,-0.01359435630737521,-0.025618941936388404,0.0015891489464527895,0.02900235696201108
1751931870.25404,-0.4947335989563146,0.08454459026106168,0.03951478191129243,-0.48037809133529663,0.11042079143226147,0.03683210290711125,-0.014355507621017949,-0.025876201171199792,0.0026826790041811766,0.029591525579285464
1751931870.763151,-0.4947335989575967,0.08454459026129027,0.03951478191129243,-0.4801633954048157,0.11040556244552135,0.03647459993300872,-0.014570203552781047,-0.025860972184231085,0.003040181978283707,0.029683003788077904
1751931871.234908,-0.49473359896205243,0.08454459026208672,0.03951478191129243,-0.48042911291122437,0.10970973409712315,0.03780872661485546,-0.014304486050828069,-0.02516514383503643,0.0017060552964369702,0.028946550492526858
1751931871.729984,-0.4947335989612829,0.08454459026194916,0.03951478191129243,-0.48021870851516724,0.11011370085179806,0.0374007325189325,-0.014514890446115647,-0.025569110589848898,0.002114049392359929,0.02940172547689442
1751931872.238743,-0.49473359895919633,0.08454459026157575,0.03951478191129243,-0.47994464635849,0.1102430410683155,0.03656797688391755,-0.01478895260070634,-0.025698450806739756,0.002946805027374877,0.029650016743542694
1751931872.738856,-0.494733598958084,0.08454459026137644,0.03951478191129243,-0.4798559546470642,0.11015359684824944,0.03672662225342105,-0.014877644311019789,-0.025609006586872998,0.0027881596578713808,0.029616980241269096
1751931873.327752,-0.4947335989572395,0.08454459026122355,0.03951478191129243,-0.479993999004364,0.1096043586730957,0.037551287497476604,-0.014739599952875493,-0.025059768411872158,0.001963494413815825,0.029073145678228093
1751931873.791202,-0.49473359895227226,0.08454459026033533,0.03951478191129243,-0.4797293543815613,0.11021098867058754,0.03676400317043749,-0.015004244570710978,-0.025666398410252214,0.0027507787408549427,0.02973031050109479
1751931874.280448,-0.49473359895775043,0.08454459026131343,0.03951478191129243,-0.4797925353050232,0.10956577770411968,0.03786719234409075,-0.014941063652727238,-0.02502118744280625,0.0016475895672016796,0.02914266981803301
1751931874.805065,-0.4947335989607034,0.08454459026184316,0.03951478191129243,-0.4795486330986023,0.11018787696957588,0.03693824997548889,-0.015184965862101107,-0.02564328670773272,0.002576531935803539,0.029802035860124684
1751931875.319646,-0.494733598960998,0.08454459026189648,0.03951478191129243,-0.4794453978538513,0.10961687564849854,0.038419279271300955,-0.015288201107146682,-0.025072285386602056,0.0010955026399914747,0.029365772382142104
1751931875.732785,-0.4976270449242934,0.08534490991995898,-0.12046976144112853,-0.492117702960968,0.10639950819313526,-0.1189976332737741,-0.005509341963325365,-0.02105459827317628,-0.0014721281673544253,0.021763477601562106
1751931876.23104,-0.49798585779560994,0.085481397918528,-0.4325020623082849,-0.5104733109474182,0.10008998960256577,-0.4133183321241152,0.01248745315180827,-0.014608591684037761,-0.01918373018416975,0.019218414013896765
1751931876.734927,-0.5093310665262112,0.08809514277964263,-0.9430877626503981,-0.5410296320915222,0.10424314625561237,-0.9141384213336976,0.03169856556531103,-0.016148003475969744,-0.02894934131670046,0.03557466900982008
1751931877.264268,-0.5058282071201137,0.08974117238142226,-1.342676018094366,-0.5618059039115906,0.11712118610739708,-1.3063273875791248,0.055977696791476905,-0.027380013725974817,-0.03634863051524118,0.062315067918707216
1751931877.735246,-0.49514614102444254,0.11416911290517583,-1.3245688875236108,-0.5625836253166199,0.140470702201128,-1.3085656565342363,0.06743748429217733,-0.02630158929595218,-0.016003230989374506,0.07238499766630245
1751931878.241349,-0.49598397541191497,0.14752191252731214,-1.3306319269714881,-0.5634869933128357,0.17435907572507858,-1.310825902884027,0.06750301790092073,-0.02683716319776644,-0.019806024087461124,0.07264221055443985
1751931878.751339,-0.49683371457145015,0.3455837378415012,-1.3589646049253692,-0.5648515820503235,0.3784797415137291,-1.3337507592953266,0.06801786747887334,-0.03289600367222789,-0.025213845630042586,0.07555512791317877
1751931879.297532,-0.4964313908522456,0.6952642890035832,-1.350681969693469,-0.5640454888343811,0.7608344480395317,-1.327982717654817,0.06761409798213552,-0.06557015903594854,-0.022699252038652196,0.09418658079544776
1751931879.742589,-0.4971230234637384,1.016801622885221,-1.3482633687661463,-0.5586932301521301,1.0781775042414665,-1.3179381850126264,0.06157020668839175,-0.0613758813562455,-0.03032518375351989,0.08693612116897788
1751931880.239627,-0.5049014758223536,1.1395958572587388,-1.34429196845781,-0.5571619868278503,1.1790470406413078,-1.3243816917473206,0.05226051100549678,-0.03945118338256903,-0.019910276710489505,0.06547943861122163
1751931880.737489,-0.5091078183680227,1.1529400889063672,-1.3446986078733203,-0.5567921996116638,1.1752567812800407,-1.3229170149473117,0.04768438124364116,-0.022316692373673508,-0.021781592926008564,0.052648219087544586
1751931881.241491,-0.5091078183680217,1.1529400889065116,-1.3450377577653028,-0.5569583773612976,1.1747074648737907,-1.3233680804418646,0.04785055899327595,-0.02176737596727918,-0.021669677323438163,0.05256895141116917
1751931881.738883,-0.5091067947308392,1.1527039822038914,-1.3592798891218594,-0.5577388405799866,1.174794964492321,-1.3403098114165182,0.048632045849147376,-0.02209098228842965,-0.018970077705341204,0.05341429941449466
1751931882.248813,-0.5091044935811966,1.1532496644011798,-1.5078161121355955,-0.5673243403434753,1.1857430264353752,-1.4914551801641238,0.05821984676227876,-0.032493362034195394,-0.016360931971471704,0.06667360147246068
1751931882.748033,-0.5092429146018669,1.153367230820474,-1.9718507872398883,-0.5772009491920471,1.210423283278942,-1.9584086149835702,0.06795803459018024,-0.05705605245846801,-0.013442172256318052,0.08873380183167848
1751931883.264818,-0.5105191254574626,1.1633036349602484,-2.478755018849185,-0.5727683901786804,1.2428086325526237,-2.4677654295069447,0.062249264721217834,-0.07950499759237539,-0.010989589342240258,0.1009753217399968
1751931883.744151,-0.5025263581373544,1.1714678659849769,-2.599845167122491,-0.5728629231452942,1.2480402514338493,-2.561770397144028,0.07033656500793983,-0.07657238544887246,-0.03807476997846315,0.10397385532164728
1751931884.243889,-0.5026965178610017,1.1714547095257641,-2.8104711697241997,-0.5645306706428528,1.258202962577343,-2.741467480969671,0.061834152781851115,-0.08674825305157885,-0.06900368875452889,0.1065303799756204
1751931884.742177,-0.502559195425522,1.1714752637152073,-3.0889649948511684,-0.5523167252540588,1.271785669028759,-3.06890589753978,0.04975752982853687,-0.10031040531355173,-0.020059097311388552,0.11197316280612406
1751931885.269203,-0.49292250450160413,1.1744135924679981,-3.477404285705011,-0.5315564274787903,1.2809964939951897,-3.443692645108853,0.03863392297718615,-0.10658290152719152,-0.033711640596158166,0.11336884449689939
1751931885.783435,-0.4900468469111736,1.168195571148525,-3.422509203938321,-0.5324516892433167,1.2807703539729118,-3.424291789465017,0.04240484233214303,-0.11257478282438682,0.001782585526695968,0.12029651857461116
1751931886.242328,-0.4898131464535951,1.1681303584132192,-3.293926829020281,-0.5414044260978699,1.277958445250988,-3.2767350034534037,0.05159127964427479,-0.10982808683776879,-0.01719182556687748,0.12134194985155894
1751931886.748967,-0.450476257056298,1.1539458817009163,-3.281398530418061,-0.5007992386817932,1.2620062157511711,-3.2670110904130554,0.0503229816254952,-0.10806033405025484,-0.014387440005005471,0.11920334842080818
1751931887.261847,-0.38979626966794423,1.130239239756801,-3.307971556276852,-0.42944997549057007,1.235307864844799,-3.28353059267262,0.03965370582262584,-0.10506862508799797,-0.024440963604231758,0.11230241477078588
1751931887.753021,-0.11240344815503114,1.0162458886392474,-3.319054565969825,-0.14647382497787476,1.1168013140559196,-3.294700492015563,0.03407037682284361,-0.10055542541667228,-0.024354073954262034,0.10617054279591162
1751931888.225377,0.22377784823191865,0.8824697692490089,-3.305546390161191,0.187580406665802,0.9777059480547905,-3.2920707865265575,0.03619744156611665,-0.09523617880578161,-0.013475603634633515,0.1018831906128741
1751931888.732062,0.4950875994094971,0.7917175648998102,-3.2833257826048596,0.4563688039779663,0.870430164039135,-3.2889045394928638,0.038718795431530784,-0.07871259913932482,0.005578756888004133,0.08772011390175441
1751931889.273803,0.6801551981080193,0.7186274190639481,-3.2923870391840104,0.6594111621379852,0.7853789255023003,-3.279414230938405,0.020744035970034047,-0.06675150643835215,-0.012972808245605537,0.06990049098622579
1751931889.732391,0.9673448771963264,0.6042484955017023,-3.300662851160409,0.9239971488714218,0.6807135865092278,-3.286574984692686,0.04334772832490463,-0.07646509100752541,-0.014087866467722865,0.08789730197064574
1751931890.252827,1.2931907845432806,0.4712474849961353,-3.301222889857879,1.2570469975471497,0.5481814369559288,-3.2743029366170595,0.03614378699613097,-0.07693395195979352,-0.026919953240819527,0.08500121353588726
1751931890.76737,1.487938058467127,0.40577179841689365,-3.282992808641219,1.4170790314674377,0.4848691448569298,-3.264735131308109,0.07085902699968916,-0.07909734644003613,-0.01825767733310979,0.1061950654277202
1751931891.258148,1.5100917980708959,0.40505862104490675,-3.323967998539114,1.427584171295166,0.48271583765745163,-3.332106992923895,0.08250762677572987,-0.07765721661254488,0.00813899438478094,0.11330556812518462
1751931891.722862,1.511101714193839,0.40434518971116273,-3.6052599869515216,1.4434661865234375,0.4854983910918236,-3.577170215685742,0.06763552767040149,-0.08115320138066084,-0.028089771265779717,0.10564282605829768
1751931892.220482,1.524910029039744,0.4021198699598567,-4.126707379161102,1.4755187630653381,0.48182790726423264,-4.106341787193008,0.049391265974405796,-0.07970803730437592,-0.020365591968094066,0.09377029575228117
1751931892.72801,1.5286199617186895,0.3967905221554776,-4.304671205171084,1.484293520450592,0.47705771774053574,-4.27006984608401,0.04432644126809748,-0.08026719558505813,-0.03460135908707329,0.0916932717410829
1751931893.233965,1.5303274394877289,0.39466390178127286,-4.423276482051819,1.490138053894043,0.4734617993235588,-4.380013889748469,0.0401893855936859,-0.07879789754228594,-0.04326259230335072,0.08845504717924557
1751931893.757527,1.530324573590094,0.3946190196871421,-4.49024494076376,1.4935214519500732,0.4695686027407646,-4.449849357216334,0.036803121640020864,-0.07494958305362254,-0.04039558354742567,0.08349796262401876
1751931894.240652,1.5303246537377688,0.39461155600482,-4.489465928907991,1.493481695652008,0.4700062796473503,-4.441550466541365,0.03684295808576077,-0.0753947236425303,-0.04791546236662558,0.08391524243927705
1751931894.731614,1.530351047541954,0.39508326297381396,-4.633512644993902,1.499134361743927,0.4647522494196892,-4.5878180536979265,0.031216685798026944,-0.06966898644587521,-0.04569459129597586,0.07634297049898098
1751931895.267368,1.5287219852789795,0.3857733871848328,1.5997831053691092,1.4998846650123596,0.45404278486967087,-4.617633341743441,0.028837320266619892,-0.06826939768483808,-0.06576886006703588,0.07411006477132631
1751931895.760728,1.520854081984935,0.3488929080948382,1.566309611502126,1.494442641735077,0.41281621903181076,-4.647421119757499,0.026411440249858087,-0.06392331093697257,-0.0694545759199621,0.06916468648968706
1751931896.278612,1.4711293585335288,0.19324975635733638,1.5247066087951195,1.4599980115890503,0.23903099447488785,-4.691123656265149,0.011131346944478482,-0.04578123811755147,-0.06735504211931811,0.04711505755461091
1751931896.732332,1.448987316508262,0.10978076956143776,1.529607437274066,1.4464201927185059,0.17445649206638336,-4.682432206744322,0.0025671237897562094,-0.0646757225049456,-0.07114566316119865,0.064726649890819
1751931897.312229,1.4502496362609887,0.07580567082993464,1.5627655077499523,1.437097430229187,0.13454394787549973,-4.689878819052063,0.013152206031801672,-0.058738277045565085,-0.0305409803775716,0.06019273804857624
1751931897.790232,1.4450266561362537,0.05286272887489632,1.5637051903692079,1.428648054599762,0.0983000248670578,-4.684969100206947,0.016378601536491733,-0.04543729599216148,-0.034511016603431054,0.04829913514101948
1751931898.292538,1.419999374646518,-0.05854217943989212,1.5675340843401384,1.3730108737945557,-0.15942760556936264,-4.678101926272769,0.04698850085196238,0.10088542612947052,-0.0375492965666784,0.11129145707393592
1751931898.764116,1.351572192096964,-0.37654618805979545,1.589523930274732,1.3400757014751434,-0.3219732418656349,-4.698934881045307,0.011496490621820676,-0.05457294619416053,0.005273504140452556,0.05577074280416526
1751931899.30856,1.3399269000158571,-0.4109097953236339,1.4262066514875962,1.3410270810127258,-0.34169239550828934,-4.837711061970356,-0.0011001809968687049,-0.06921739981534458,-0.01926759372163491,0.06922614271662936
1751931899.940331,1.3398948832516673,-0.41211538557059013,1.0298233006200508,1.3479601740837097,-0.37213561683893204,-5.270500663200412,-0.008065290832042438,-0.039979768731658094,0.017138656640876635,0.04078517897523921
1751931900.224227,1.3276323682720794,-0.4193377888290769,0.5856384039737208,1.3418170511722565,-0.3949984684586525,-5.673726975320866,-0.014184682900177048,-0.02433932037042441,-0.02381992788499978,0.028171044444122616
1751931900.737772,1.3275974152260375,-0.41933250370445124,0.44909982435955187,1.3375253677368164,-0.4022957757115364,-5.815441043670157,-0.009927952510778937,-0.017036727992914835,-0.018644439149877703,0.019718375738403245
1751931901.230863,1.3247607095510745,-0.4191294453603551,0.38749915323713946,1.3373317420482635,-0.4066358879208565,-5.845010069340567,-0.01257103249718905,-0.012493557439498648,-0.05067608460187969,0.017723426179478818
1751931901.738535,1.3250578246242186,-0.41912054226073203,0.22400737027838802,1.3328228294849396,-0.4132669046521187,-5.998826449625476,-0.007765004860720959,-0.005853637608613349,-0.060351487275722954,0.009724215841906879
1751931902.23913,1.2973910842586167,-0.41826393002350903,0.16923647587209834,1.2976550161838531,-0.4152997210621834,-6.048818324977503,-0.00026393192523643805,-0.002964208961325654,-0.06513050632998432,0.002975935958242772
1751931902.736448,1.258002647676681,-0.41603640756916616,0.14671466886100615,1.256596177816391,-0.4151609018445015,0.21617325152381994,0.0014064698602900272,-0.0008755057246646603,-0.0694585826628138,0.0016567038787377907
1751931903.311464,1.0795705101618858,-0.39873439858156445,0.10558072699985388,1.0190189182758331,-0.40534598380327225,0.18494025649887336,0.060551591886052636,0.006611585221707794,-0.07935952949901948,0.06091147953447675
1751931903.757458,0.6275174615044257,-0.36980290869525256,0.1363175683921971,0.6034671664237976,-0.3809179738163948,0.2036409940916446,0.02405029508062806,0.011115065121142242,-0.06732342569944749,0.026494553517893354
1751931904.261305,0.3629391281882362,-0.409240764904976,0.33327746680753556,0.34566962718963623,-0.38598836213350296,-5.918951137124684,0.017269500998599974,-0.023252402771473057,-0.03095670324736701,0.028963941364866998
1751931904.745265,0.2816293239528474,-0.4159090914260839,0.3287943651166694,0.2927752733230591,-0.3926384821534157,-5.922135022698812,-0.011145949370211683,-0.02327060927266822,-0.03225591936410523,0.025802198419602046
1751931905.228234,0.24691275734918902,-0.41983568156848283,0.32919318007702225,0.25969475507736206,-0.3972371593117714,-5.921804022353278,-0.012781997728173039,-0.02259852225671144,-0.03218810474928649,0.025962909584830877
1751931905.748511,0.21524303070019607,-0.42343675394174074,0.33011689983063275,0.2285013198852539,-0.4000198319554329,-5.920589298302354,-0.013258289185057837,-0.023416921986307848,-0.032479109046599924,0.026909746699429363
1751931906.244721,0.023514051960720636,-0.4460925464512291,0.33792962458703824,0.02351921796798706,-0.4238302782177925,-5.911321609468179,-5.166007266424466e-06,-0.022262268233436577,-0.03393407312436938,0.02226226883282812
1751931906.727359,-0.30238536983604214,-0.4807835718327777,0.3333436194571213,-0.30569201707839966,-0.4642660692334175,-5.918802960064513,0.003306647242357519,-0.01651750259936019,-0.031038727657952483,0.016845231019646516
1751931907.250567,-0.6817141167329326,-0.5421375825708153,0.36608246735226535,-0.7050475478172302,-0.5151626542210579,-5.914078064662462,0.02333343108429764,-0.026974928349757454,-0.003024775164858685,0.03566645154259414
1751931907.738668,-1.190380057133155,-0.610580225735172,0.36302782395958055,-1.196226418018341,-0.5777570679783821,-5.900936653395355,0.005846360885185975,-0.0328231577567899,-0.01922082982465081,0.033339760357971225
1751931908.248383,-1.5163100791507478,-0.6602770102001894,0.374877771149152,-1.540891706943512,-0.6252799108624458,-5.896764187114487,0.024581627792764182,-0.03499709933774353,-0.011543348915947571,0.04276743372003849
1751931908.741271,-1.6703228605006506,-0.6716936643068089,0.1533567701186398,-1.6976562142372131,-0.6439337804913521,0.16817122458854783,0.027333353736562538,-0.0277598838154568,-0.014814454469908032,0.038957969350772344
1751931909.23225,-1.6808699486633607,-0.6731324978670356,-0.1802433199251432,-1.7223513722419739,-0.6536728218197823,-0.16758419102322408,0.041481423578613175,-0.019459676047253294,-0.012659128901919114,0.04581907347352594
1751931909.745903,-1.6804675780975733,-0.6726243867327931,-0.5986138587647468,-1.751570999622345,-0.66069645434618,-0.6372179393913497,0.07110342152477167,-0.01192793238661316,0.03860408062660292,0.07209696334485231
1751931910.236852,-1.6903216041676095,-0.6706779917847354,-1.1924441879197083,-1.7827206254005432,-0.648859329521656,-1.1673365072170554,0.09239902123293375,-0.02181866226307938,-0.0251076807026529,0.09494015561265141
1751931910.742273,-1.6998447019375225,-0.6671984943864858,-1.3014535270581096,-1.7878065705299377,-0.6448902562260628,-1.2709688603966964,0.08796186859241528,-0.022308238160423044,-0.03048466666141314,0.09074661324860278
1751931911.246748,-1.7052285989441613,-0.6248852088994307,-1.3434404709549987,-1.7904780507087708,-0.6014877632260323,-1.3063188080028585,0.08524945176460941,-0.02339744567339841,-0.037121662952140255,0.08840197673245828
1751931911.740949,-1.702836679401589,-0.5315984169890066,-1.400397675695448,-1.791835367679596,-0.49500561505556107,-1.3645824994098477,0.08899868827800694,-0.036592801933445496,-0.03581517628560027,0.09622785287299215
1751931912.313091,-1.6847661177375926,-0.2734274417939674,-1.4309915612202182,-1.7768130898475647,-0.21432621031999588,-1.3726663755773434,0.09204697210997215,-0.059101231473971505,-0.05832518564287481,0.10938738792179814
1751931912.794279,-1.6880281347090738,-0.12831116229977868,-1.399955362709048,-1.7712352871894836,-0.06364118307828903,-1.3770879497839816,0.08320715248040988,-0.06466997922148965,-0.022867412925066336,0.10538328347705855
1751931913.245753,-1.6907697822955259,0.02794910790214339,-1.3827682926786722,-1.763691484928131,0.07266343757510185,-1.3689398314987318,0.07292170263260522,-0.044714329672958464,-0.01382846117994041,0.08553914889066945
1751931913.741959,-1.6881499691033923,0.15600610935316384,-1.3806658121933673,-1.754585087299347,0.20413023978471756,-1.3621179675218373,0.0664351181959546,-0.048124130431553724,-0.018547844671529923,0.08203387629207615
1751931914.234626,-1.6841068717625574,0.29139939829886513,-1.453771839444844,-1.749655306339264,0.3460739776492119,-1.4263638796342415,0.06554843457670656,-0.05467457935034675,-0.02740795981060251,0.08535752399521757
1751931914.745311,-1.6818935851399024,0.29652410254774303,-1.5394005660039696,-1.7509317994117737,0.35604964941740036,-1.5278932825754292,0.06903821427187129,-0.05952554686965733,-0.01150728342854035,0.09115681960215914
1751931915.247047,-1.681304314648028,0.29910510734806794,-2.140489369395506,-1.7655802369117737,0.3920249864459038,-2.109795534003472,0.0842759222637457,-0.09291987909783583,-0.03069383539203363,0.12544534668516538
1751931915.777516,-1.6752834827654688,0.30652016743251537,-2.4734160782847887,-1.7619455456733704,0.412974588572979,-2.443754498960208,0.08666206290790157,-0.1064544211404636,-0.02966157932458069,0.13726928617795126
1751931916.240438,-1.6701370270839335,0.31455258482299453,-2.7462042658298564,-1.750674068927765,0.4278702959418297,-2.7010594070444696,0.08053704184383137,-0.11331771111883515,-0.04514485878538688,0.13902200819354762
1751931916.746567,-1.5430684199315454,0.33459339305016317,-2.7905865804551686,-1.6148315072059631,0.45442675799131393,-2.746340902352143,0.07176308727441771,-0.11983336494115077,-0.04424567810302582,0.13967811585310963
1751931917.270352,-1.2284581389946803,0.3859709011135669,-2.765219163951846,-1.2844658493995667,0.5031790360808372,-2.728105576723268,0.05600771040488639,-0.11720813496727034,-0.03711358722857794,0.1299023114779082
1751931917.76781,-0.8430511410725331,0.45268635829617276,-2.761986197738331,-0.8848920464515686,0.5682008787989616,-2.7402373440475616,0.04184090537903551,-0.11551452050278888,-0.021748853690769288,0.1228587229704372
1751931918.244266,-0.5258174230116179,0.5094833499927284,-2.764401826518128,-0.5649036765098572,0.6180068179965019,-2.7591569844291586,0.03908625349823924,-0.10852346800377355,-0.00524484208896947,0.11534764115531224
1751931918.734691,-0.2915465801103372,0.546953565547687,-2.762024142980043,-0.3376327157020569,0.6526571437716484,-2.7503967234948266,0.0460861355917197,-0.10570357822396137,-0.011627419485216615,0.1153133918637705
1751931919.238643,-0.048972187458048835,0.5938462500031704,-2.751237287734007,-0.09412866830825806,0.6885739490389824,-2.7484430890525933,0.04515648085020922,-0.09472769903581202,-0.0027941986814137283,0.10494019595652894
1751931919.747049,0.23481225817687512,0.6383930065014954,-2.7659015454276803,0.19897472858428955,0.7328279539942741,-2.754287416072973,0.03583752959258557,-0.0944349474927787,-0.011614129354707181,0.10100637522089047
1751931920.279778,0.4857491968093297,0.6735182308323702,-2.7903496175201017,0.42480191588401794,0.7669593617320061,-2.776107153488961,0.060947280925311764,-0.0934411308996359,-0.01424246403114049,0.11156081747635127
1751931920.744717,0.5470689647442324,0.6838566281817374,-2.954362975805724,0.47383424639701843,0.7770863696932793,-2.935163601865336,0.07323471834721396,-0.09322974151154184,-0.019199373940387954,0.11855424359214083
1751931921.234367,0.5452934559519034,0.6842674906384592,-3.3850637980946026,0.49787071347236633,0.7915773913264275,-3.3655305037665775,0.04742274247953704,-0.10730990068796831,-0.019533294328025086,0.11732148690645762
1751931921.7516,0.5507240522557335,0.6839067777783456,-3.922407312018163,0.5283452570438385,0.7931990548968315,-3.876113578546445,0.02237879521189501,-0.10929227711848588,-0.046293733471717946,0.11155990459336117
1751931922.261001,0.5761074439190975,0.6832539596014364,-4.323015096980253,0.5572579801082611,0.7810732051730156,-4.379379890593738,0.01884946381083641,-0.09781924557157917,0.056364793613484565,0.09961880891753797
1751931922.748695,0.5813902442256224,0.6856820026060622,1.3577465520391245,0.5756349861621857,0.7540283724665642,-4.901030652492005,0.005755258063436686,-0.06834636986050202,-0.0244081026484573,0.06858825896963192
1751931923.246744,0.5646632345729223,0.6904379764454929,1.1048782873785539,0.5784125328063965,0.7401745840907097,-5.124317419766807,-0.01374929823347415,-0.04973660764521681,-0.053989600034225725,0.051602067225715434
1751931923.777141,0.5646020835107315,0.690390989796316,0.9287905471506408,0.5783379077911377,0.7279168292880058,-5.3104839590035695,-0.013735824280406206,-0.03752583949168986,-0.04391080102537639,0.03996074947017719
1751931924.286601,0.5269846966144069,0.6671659700674981,0.8952624928080131,0.543693870306015,0.6966258808970451,-5.337291005954711,-0.01670917369160807,-0.02945991082954702,-0.050631808416862684,0.033868611302224794
1751931924.737412,0.428682356646538,0.5913633896142949,0.893653914415588,0.42941462993621826,0.6010755822062492,-5.35201181613618,-0.0007322732896802853,-0.009712192591954327,-0.03751957662781826,0.009739759191786606
1751931925.278079,0.1968573306046279,0.4047085844525044,0.8932233993535152,0.15940648317337036,0.3792009875178337,-5.355371176470022,0.03745084743125754,0.025507596934670695,-0.03459073135604942,0.045312288341033395
1751931925.785396,-0.030450542005403203,0.21083828232664367,0.9080027744238743,-0.15711075067520142,0.11981044709682465,-5.354331678060276,0.1266602086697982,0.09102783522981903,-0.020850854695436707,0.15597716258126992
1751931926.294368,-0.31696440588696495,-0.03819606801377573,0.9290169612172752,-0.3494265675544739,-0.04110569506883621,-5.344061094618793,0.032462161667508926,0.002909627055060482,-0.010107251343518331,0.032592297705547335
1751931926.732839,-0.524517037679553,-0.2178902803560947,0.9234411182754549,-0.5185356736183167,-0.18287692219018936,-5.3478665284006395,-0.005981364061236394,-0.03501335816590534,-0.011877660503492284,0.035520585103387875
1751931927.250048,-0.6642088579855498,-0.3356295954383334,0.9225238401708473,-0.6382185816764832,-0.28318650275468826,-5.338960489121856,-0.025990276309066696,-0.05244309268364511,-0.02170097788688288,0.05853009852073567
1751931927.760619,-0.7484233989434596,-0.4126403648177677,0.9277217200592045,-0.7279333472251892,-0.3590024784207344,-5.341577743978521,-0.02049005171827034,-0.05363788639703332,-0.01388584314186161,0.05741833397581687
1751931928.364575,-0.7875576981170775,-0.44562193610111905,0.8055874540246506,-0.7620149254798889,-0.39352939277887344,-5.479541581661801,-0.025542772637188627,-0.05209254332224561,0.0019437285068650606,0.058017810229059386
1751931928.889812,-0.7911547428535337,-0.452758145760631,0.6742129588345696,-0.7653724551200867,-0.4024438336491585,-5.636295390057761,-0.02578228773344704,-0.050314312111472526,0.027323041712744113,0.05653544343171745
1751931929.263362,-0.7896045136799498,-0.4522263076052291,0.3174928720950536,-0.7821858525276184,-0.4276673272252083,0.13015598314977073,-0.007418661152331363,-0.0245589803800208,0.1873368889452829,0.02565501998828606
1751931929.783043,-0.7898961980820514,-0.45225888749454735,-0.10722215119888645,-0.8128692507743835,-0.44289667159318924,-0.4052299325877877,0.022973052692332185,-0.009362215901358106,0.29800778138890127,0.024807503634753612
1751931930.275407,-0.7848481680772901,-0.44977447024970185,-0.7371796538104098,-0.83854740858078,-0.440962977707386,-0.8007412837678642,0.05369924050348995,-0.008811492542315835,0.0635616299574544,0.05441737619065204
1751931930.799858,-0.7897527980545997,-0.4440878830166136,-0.7268861159869903,-0.8312073349952698,-0.4424211457371712,-0.6980750263563049,0.04145453694067003,-0.0016667372794424429,-0.02881108963068535,0.0414880301547815
1751931931.351478,-0.7990457472867203,-0.4326895812381143,-0.7297566524864927,-0.8454037308692932,-0.4243202283978462,-0.69871556766866,0.046357983582572926,-0.008369352840268074,-0.03104108481783263,0.04710741670700065
1751931931.77865,-0.8154097163668603,-0.40958496422891366,-0.745194814125482,-0.8635554909706116,-0.3982478156685829,-0.7135068473033215,0.048145774603751246,-0.011337148560330745,-0.03168796682216057,0.04946257726477895
1751931932.267996,-0.9233932698515092,-0.24479480595167527,-0.7880088910737488,-0.9793782830238342,-0.2230619564652443,-0.745721148102946,0.05598501317232507,-0.021732849486430977,-0.042287742970802844,0.06005529490981853
1751931932.726284,-0.9972084136819466,-0.14040175030805133,-0.7653616664530336,-1.0365989804267883,-0.13545752316713333,-0.7354636987445793,0.03939056674484176,-0.004944227140917995,-0.02989796770845432,0.03969964899719925
1751931933.336157,-1.0463870415694847,-0.0674299110493109,-0.7561037058374289,-1.088156521320343,-0.05365975946187973,-0.7322650734575373,0.04176947975085832,-0.013770151587431168,-0.023838632379891592,0.04398075162384331
1751931933.790973,-1.0704156536857905,-0.04301812189694268,-0.7391085776298247,-1.1033125519752502,-0.030501767992973328,-0.72487809349767,0.03289689828945974,-0.012516353903969352,-0.014230484132154773,0.03519751457299888
1751931934.267597,-1.1025687012115757,0.002435561651832119,-0.7379608421077168,-1.132878839969635,0.013176627457141876,-0.723913689181046,0.030310138758059324,-0.010741065805309757,-0.014047152926670803,0.032157036650891896
1751931934.756254,-1.2437018253967882,0.19857765190597731,-0.7229827527809709,-1.2730002999305725,0.2279725894331932,-0.7099638959842558,0.029298474533784313,-0.029394937527215892,-0.013018856796715106,0.04150256573075613
1751931935.275799,-1.3158828399765496,0.30548102520902715,-0.7263129290221447,-1.3526020646095276,0.3406593129038811,-0.7061146981995949,0.03671922463297794,-0.03517828769485393,-0.020198230822549793,0.05085089362822452
1751931935.753696,-1.322629308642519,0.3235911346453493,-0.8884657386000582,-1.365155041217804,0.3496668264269829,-0.8624405676792737,0.042525732575285025,-0.026075691781633603,-0.02602517092078449,0.04988366098188276
1751931936.230989,-1.3224577854310846,0.3234892171084838,-1.1584195693041959,-1.3805702328681946,0.35863276571035385,-1.1548709081855086,0.05811244743710997,-0.03514354860187008,-0.0035486611186872357,0.0679126317813032
1751931936.746448,-1.3223404241468633,0.32302687348750325,-1.7000618778662573,-1.3983891606330872,0.38160740584135056,-1.665456342860358,0.0760487364862239,-0.0585805323538473,-0.03460553500589936,0.09599525557032114
1751931937.231738,-1.325372553299496,0.32787588412139046,-2.2103383501322478,-1.4068573117256165,0.41591741889715195,-2.188210401671326,0.08148475842612046,-0.08804153477576149,-0.022127948460921587,0.11996281799555572
1751931937.740634,-1.322294705469315,0.32582631217161806,-2.7120677536307785,-1.3943241238594055,0.44394340366125107,-2.6670782709378966,0.07202941839009047,-0.11811709148963301,-0.04498948269288183,0.13834697111098976
1751931938.243489,-1.312705935425896,0.3390681790828646,-3.233751388255431,-1.3696525692939758,0.46737151592969894,-3.1897392315856226,0.056946633868079743,-0.12830333684683437,-0.04401215666980862,0.1403733071311543
1751931938.769483,-1.3039228763435193,0.3405698383600695,-3.4975743839013416,-1.3519485592842102,0.4689585193991661,-3.439043334598187,0.04802568294069087,-0.12838868103909662,-0.05853104930315479,0.1370770573103999
1751931939.237121,-1.2541788436716919,0.3217416360114977,-3.5025231448022685,-1.318695843219757,0.45074158161878586,-3.4593325969663673,0.06451699954806522,-0.12899994560728817,-0.04319054783590115,0.14423393913142757
1751931939.737801,-1.1532625001478292,0.25304251756718704,-3.5355599297278166,-1.2084117531776428,0.3783011958003044,-3.488216808188368,0.05514925302981366,-0.12525867823311737,-0.047343121539448425,0.13686188871433144
1751931940.252508,-0.9051617700290234,0.07797816404283472,-3.5399243159684675,-0.9302148222923279,0.18721451610326767,-3.49241112786052,0.025053052263304454,-0.10923635206043295,-0.04751318810794736,0.11207245887897133
1751931940.732886,-0.6312148144763053,-0.08464769693053606,-3.382712653832832,-0.6807894110679626,0.029624879360198975,-3.3371389087948846,0.049574596591657305,-0.11427257629073503,-0.04557374503794742,0.12456268429729433
1751931941.25453,-0.3875114183122609,-0.19673830811603982,-3.3639076147302536,-0.4332227110862732,-0.09096521884202957,-3.349582059108286,0.04571129277401231,-0.10577308927401025,-0.014325555621967467,0.11522789897259783
1751931941.750949,-0.15874523536330531,-0.3006231540427284,-3.3412999644444517,-0.201587975025177,-0.20218775421380997,-3.3255504233897675,0.04284273966187169,-0.09843539982891841,-0.015749541054684176,0.10735468448658374
1751931942.262323,-0.047719017081120224,-0.3367973546071893,-3.1526935482586795,-0.10823827981948853,-0.24453375488519669,-3.1365690547001455,0.0605192627383683,-0.0922635997219926,-0.01612449355853407,0.1103410757426976
1751931942.791721,0.08578402018313452,-0.3628854529641946,-3.1345087991337643,0.017024874687194824,-0.2748189941048622,-3.122497446433986,0.0687591454959397,-0.0880664588593324,-0.012011352699778488,0.11172967942921117
1751931943.252937,0.3389871167884816,-0.4171266435740628,-3.135289062151444,0.2660108208656311,-0.33264387398958206,-3.1223051373263955,0.07297629592285049,-0.08448276958448075,-0.012983924825048732,0.11163726135696769
1751931943.741873,0.4564083676293776,-0.4399884394838073,-3.0385971957432787,0.36659836769104004,-0.35896072536706924,-3.022645687532253,0.08980999993833755,-0.08102771411673804,-0.015951508211025534,0.120960020436126
1751931944.23874,0.49693070210035534,-0.4414213031774794,-2.9474577339612686,0.402759850025177,-0.3647724762558937,-2.9333808291759382,0.09417085207517834,-0.0766488269215857,-0.014076904785330411,0.12142154688942289
1751931944.73167,0.5152636334827587,-0.4453673506697443,-2.954425778859127,0.44308796525001526,-0.36728591471910477,-2.9173943051600846,0.07217566823274346,-0.07808143595063954,-0.03703147369904247,0.10632985340419161
1751931945.24332,0.5321053935231375,-0.44587072338947514,-2.95587768201415,0.44913896918296814,-0.36633966118097305,-2.9175781977170594,0.08296642434016932,-0.07953106220850209,-0.038299484297090736,0.11492874933542813
1751931945.775147,0.5317904791286742,-0.44586081115103304,-2.9558699509062523,0.4500976502895355,-0.36628738790750504,-2.9186769191526722,0.08169282883913864,-0.07957342324352801,-0.03719303175358002,0.11404230780913917
1751931946.272875,0.5317904791278323,-0.44586081115100645,-2.955952894212457,0.4503494203090668,-0.36700788885354996,-2.9193067137144117,0.08144105881876551,-0.0788529222974565,-0.036646180498045126,0.11335973454613563
1751931946.744682,0.5317904791299761,-0.44586081115107196,-2.955773277215894,0.45016688108444214,-0.3670734539628029,-2.9189859028428455,0.08162359804553398,-0.07878735718826907,-0.03678737437304847,0.11344540277424552
1751931947.261138,0.531790479129069,-0.4458608111510436,-2.9556293069478574,0.45022496581077576,-0.3672126308083534,-2.9187723401073753,0.0815655133182932,-0.07864818034269017,-0.03685696684048212,0.11330696904468401
1751931947.741721,0.5317904791315294,-0.4458608111511191,-2.9556293069478574,0.45015257596969604,-0.367108054459095,-2.9189965187849554,0.08163790316183339,-0.07875275669202408,-0.03663278816290205,0.11343167070643909
1751931948.25144,0.5317904791422726,-0.4458608111514449,-2.9556293069478574,0.4501339793205261,-0.3670664504170418,-2.9187490217533596,0.0816564998217465,-0.0787943607344031,-0.036880285194497826,0.11347394082643879
1751931948.745544,0.5317904791401632,-0.4458608111513789,-2.9556293069478574,0.45014888048171997,-0.36711738258600235,-2.918939042209431,0.08164159865844323,-0.07874342856537653,-0.036690264738426404,0.11342785448793817
1751931949.267999,0.5317904791387079,-0.4458608111513368,-2.9556293069478574,0.4501219093799591,-0.3672178164124489,-2.9189551857027327,0.08166856975874881,-0.07864299473888792,-0.0366741212451247,0.11337758115227355
1751931949.752646,0.5317904791487442,-0.4458608111516418,-2.9556293069478574,0.45012497901916504,-0.3670889809727669,-2.9189688983925053,0.08166550012957918,-0.0787718301788749,-0.03666040855535213,0.11346477489134592
1751931950.238675,0.5317904791417117,-0.44586081115142717,-2.9556293069478574,0.45020437240600586,-0.3671788349747658,-2.918775392541166,0.08158610673570588,-0.0786819761766614,-0.0368539144066915,0.11334525216062075
1751931950.766007,0.5317904791405165,-0.4458608111513902,-2.9556293069478574,0.4501824975013733,-0.3670016899704933,-2.918941348045038,0.08160798163914318,-0.07885912118089689,-0.036687958902819506,0.11348402381233276
1751931951.252916,0.5317904791440219,-0.44586081115149756,-2.9556293069478574,0.45011159777641296,-0.367131806910038,-2.91895056100876,0.08167888136760892,-0.07872900424145957,-0.03667874593909737,0.11344468154266064
1751931951.731374,0.5317904791424193,-0.4458608111514499,-2.9556293069478574,0.45014873147010803,-0.36703938990831375,-2.9188810299984858,0.08164174767231125,-0.07882142124313612,-0.03674827694937166,0.11348211933946797
1751931952.249807,0.5317904791446498,-0.44586081115151766,-2.9556293069478574,0.4501515328884125,-0.36705706268548965,-2.9187932803283,0.08163894625623735,-0.078803748466028,-0.036836026619557316,0.11346782944132588
1751931952.724206,0.5317904791447117,-0.44586081115151927,-2.9556293069478574,0.45013338327407837,-0.3670073226094246,-2.918857765914253,0.0816570958706333,-0.07885348854209467,-0.03677154103360447,0.11351543490329434
1751931953.247969,0.5317904791482727,-0.44586081115162723,-2.9556293069478574,0.45010095834732056,-0.36721617728471756,-2.918964358907878,0.08168952080095215,-0.07864463386690967,-0.03666494803997944,0.11339381043403325
1751931953.731014,0.5317904791515062,-0.44586081115172577,-2.9556293069478574,0.45016881823539734,-0.36726856976747513,-2.9187691256138604,0.0816216609161089,-0.07859224138425064,-0.036860181333997044,0.11330858721431741
1751931954.270733,0.5317904791484868,-0.4458608111516329,-2.9556293069478574,0.45011958479881287,-0.36710668355226517,-2.9189081828921046,0.0816708943496739,-0.07875412759936773,-0.036721124055752785,0.11345636869657467
1751931954.743682,0.5317904791583137,-0.44586081115193166,-2.9556293069478574,0.4501064419746399,-0.36715853959321976,-2.918949348550063,0.08168403718367379,-0.0787022715587119,-0.036679958397794366,0.11342984386450082
1751931955.237186,0.5317904791593406,-0.44586081115196385,-2.9556293069478574,0.4501297175884247,-0.36714134365320206,-2.9189535124956083,0.08166076157091595,-0.0787194674987618,-0.03667579445224911,0.11342501727410315
1751931955.748049,0.5317904791603039,-0.4458608111519951,-2.9556293069478574,0.45008084177970886,-0.36718568950891495,-2.919022109454964,0.081709637380595,-0.07867512164308016,-0.036607197492893206,0.1134294477039441
